{
  "rows_test": 50000,
  "target_col": "visit",
  "treatment_col": "treatment",
  "target_rate_test": 0.02382,
  "treatment_rate_test": 0.5,
  "response_model_roc_auc": 0.9583270308143848,
  "response_model_average_precision": 0.46228582772292726,
  "s_learner_qini_auc": 35.8001500899407,
  "t_learner_qini_auc": 33.43103783266314,
  "share_recommended_for_treatment": 0.70084,
  "avg_predicted_t_learner_uplift": 0.001837423203534467,
  "top_decile_avg_predicted_uplift": 0.049152304146707695
}