target_fraction,targeted_customers,estimated_incremental_outcomes,estimated_incremental_revenue,estimated_contact_cost,estimated_profit
0.1,5000,48.40073679901758,1210.0184199754394,1250.0,-39.98158002456057
0.2,10000,53.80971659919027,1345.2429149797567,2500.0,-1154.7570850202433
0.3,15000,62.476418864908055,1561.9104716227014,3750.0,-2188.089528377299
0.4,20000,61.800598205383835,1545.0149551345958,5000.0,-3454.9850448654042
0.5,25000,63.91365125009986,1597.8412812524966,6250.0,-4652.158718747503
1.0,50000,47.0,1175.0,12500.0,-11325.0
